{"cameraMode":{"drawMode":0,"name":"Shaded","section":"Shading Mode"},"sceneLighting":true,"audioPlay":false,"sceneViewState":{"m_AlwaysRefresh":false,"showFog":true,"showSkybox":true,"showFlares":true,"showImageEffects":true,"showParticleSystems":true,"showVisualEffectGraphs":true,"m_FxEnabled":true},"in2DMode":false,"pivot":{"x":89.91326904296875,"y":100.13174438476563,"z":40.214019775390628},"rotation":{"x":0.08714026212692261,"y":-0.1665567308664322,"z":0.01477882917970419,"w":0.9820640683174133},"size":508.37677001953127,"orthographic":false}