{"cameraMode":{"drawMode":0,"name":"Shaded","section":"Shading Mode"},"sceneLighting":true,"audioPlay":false,"sceneViewState":{"m_AlwaysRefresh":false,"showFog":true,"showSkybox":true,"showFlares":true,"showImageEffects":true,"showParticleSystems":true,"showVisualEffectGraphs":true,"m_FxEnabled":true},"in2DMode":false,"pivot":{"x":248.08750915527345,"y":58.577110290527347,"z":111.64028930664063},"rotation":{"x":0.10747507214546204,"y":0.07598024606704712,"z":-0.008237878791987896,"w":0.9912678003311157},"size":389.4185485839844,"orthographic":false}